teks,label
ajar kuliah anut faham makro ekonomii merkantilisme kuno mengend,netral
alhamdulillah puji syukur inflasi jaga tingkat inflasi terjaga,positif
anggota koramil ngrampal giat patroli monitoring spbu rangka pantau inflasi bbm wilayah,positif
ayam mahal telur barang harga inflasi gila sebab menteri raja,negatif
badan pusat statistik bps catat tingkat inflasi indonesia oktober persen yoybila dibanding,negatif
bahaya inflasi negara malaysia cinta dadak lepas peristiwa,negatif
bonebol tekan laju inflasi harga cabai pedas,negatif
dana insentif daerah efektif jaga inflasi tingkat inflasi terjaga,positif
duduk jail diam samun babi ko songlap duit rakyat kena tanggung ko barang mahal gi,negatif
duit ribu jajan kantin dapet beli minum ya,negatif
dukun gandain uang tu mikir inflasi,negatif
efektif tekan inflasi di makassar,positif
ekonomii indonesia tumbuh jaga angka inflasi tingkat inflasi terjaga,positif
emas alternatif tabung investasi jangka emas golong as,positif
faktor pengaruh menurunya angka inflasi indonesia tingkat inflasi terjaga,positif
faktor turun angka inflasi indonesia tingkat inflasi terjaga,positif
gubernur bank indonesia inflasi tahun sampek bawah rendah dari,positif
gubernur sumut harap depan kadin bantu kendali inflasi bersama sama jaga sedia,positif
hadap ancam badai resesi global gejala rasa,negatif
hadap gejolak global ri jaga stabil inflasi tingkat inflasi terjaga,positif
hadap krisis kewangananwar krisis wang asia ismail sabri krisis,negatif
harga barang harga emas naik harga barang ie inflasi tanda kuasa beli duit ker,negatif
harga bbm sesuai optimis inflasi jaga,positif
indeks data inflasi bulan indonesia lihat angka bagus mana tingkat inflasi tekan deflasi jg di,positif
indeks data inflasi month to month angka positif bps rilis tingkat inflasi oktober,netral
indeks usd lapor inflasi lemah picu tembus ujung kisar,negatif
indonesia inflasi jaga,positif
indonesia tahan resesi dunia bukti perintah tanggap atas inflasi ekonomii ,positif
inflasi aman alhamdulillah,positif
inflasi tumbuh minus besar resesi ancam turkimasa banding,negatif
inflasi turun,positif
indonesia negara hasil kendali pandemi covid negara vaksinasi,netral
info perintah pasti program pasar murah daerah bantu tekan inflasi aceh hadir dukung,positif
intermezzo twitkan khususnya pr di,netral
isu kampanye calon senator gubernur negara usa dimidterm election nov al kriminal aborsi,netral
jaga perintah inflasi kendali bawah tingkat inflasi terjaga,positif
jaga perintah inflasi kendali tingkat inflasi terjaga,positif
kabar baik angka inflasi indonesia bawah angka perkiraan ini bukti tingkat inflasi terjaga,positif
kabar positif angka inflasi angka kira alias landai,positif
kabar positif angka inflasi bawah angka kira tingkat inflasi terjaga,positif
kendali inflasi lancar,positif
keren inflasi oktober rendah september inflasi indonesia kendali,positif
keren indonesia catat turun inflasi persen sesuai harga bbm gengss bbm sub,positif
keren inflasi jaga bbm sesuai harga,positif
kerjasama perintah pusat perintah daerah tekan lonjak inflasi efektif,positif
kolaborasi perintah pusat kunci utama inflasi kendali,positif
komoditas pangan kendali inflasi,positif
kota gelar pangan murah kendali inflasi,positif
laju inflasi aman,positif
laju inflasi indonesia turun bawah,positif
laju inflasi oktober rendah kira langkah sesuai harga bbm,positif
menteri aji kiasu im not sure whether arah menteri sangap kejar,positif
naik harga bbm dampak sendi ekonomii inflasi amp resesi global depan mata rasa,negatif
news perintah pasti program pasar murah daerah bantu tekan inflasi aceh hadir dukung,positif
operasi pasar murah kendali inflasi gelar kukar selengkapnya,positif
optimis inflasi nasional tingkat inflasi terjaga,positif
orang bodoh koment kendali inflasi baik jawa makan rt habis,negatif
partai republik butuh kursi dpr kursi ambil alih senat popularitas biden anjlok,netral
pasar murah langkah kendali inflasi,positif
pasar rakyat kendali inflasi,positif
paska sesuai harga bbm inflasi landai kendali,positif
paska sesuai harga bbm pertamina indonesia jaga ekonomii tumbuh inflasi,positif
paska sesuai harga bbm inflasi kendali berkat bantal sosial,positif
patut apresiasi langkah perintah kendali inflasi penyesuaian,positif
perhati data data paham risiko resesi indonesia golong keciltapi,negatif
perintah berhasil kendali inflasi,positif
perintah ekonomii indonesia stabil jatuh jurang resesi inflasi,negatif
perintah hitung inflasi naik harga bbm dampak inflasi kendali,negatif
perintah hitung laju inflasi dampak naik harga bbm maka perintah tahan,negatif
perintah indonesia kendali inflasi perintah optimis inflasi bawah nanti jelang akhir,positif
perintah kendali inflasi,positif
perintah kendali inflasi ancam krisis ekonomii global naik,positif
perintah langkah antisipasi kendali laju inflasi,positif
perintah milik strategi jitu buruk inflasi parah salah satu beri,positif
perintah optimis inflasi bawah,positif
perintah padeh alhamdulillah hasil kendali inflasi mantap jaya,positif
perintah pasti program pasar murah tiap daerah jelang natal bantu tekan angka inflasi jambi jokowi presiden,positif
perintah pusat wenang daerah dana transfer belanja duga guna tekan angka,positif
perintah tanggap untuk mengatasi inflasi,positif
perintah target pasar murah natal tekan angka inflasi jokowi presidenku pembangunan untuk rakyat papua,positif
perintah tempuh langkah upaya redam dampak rambat inflasi,positif
perintah tingkat inflasi indonesia kendali persen walaupun jelang,positif
persen kuartal ii ekonomii indonesia tumbuh nilai jaga angka inflasi bbmsubs,positif
point abah on inflasi and weak ringgit is spot on and economic challenges kena build resilience and priori,netral
rangkum ekonomii materi indeks harga inflasi kelas,netral
senin tanggal oktober wib sd wib laksana giat patroli ppkm level monit,netral
siopi review belanja pakai video poin ges wk inflasi,netral
sri mulyani indrawati mengatakan laju inflasi oktober rendah kira,positif
sumbang inflasi naik harga bbm kira perintah upaya perintah,negatif
syukur indonesia jaga dari inflasi,positif
syukur inflasi jaga akibat sesuai harga bbm bahkan presiden angka inflasi,positif
tabung emas cerdas nilai harta gerus inflasi beli minigold wa minigold minigold jember,netral
tangan dampak inflasi pemkab lebak salur bantu langsung tunai bbm lebak bupati lebak iti octavia jayaba,positif
tanggap hadap inflasi,negatif
telur telur ayam kilo henggit dah harga makan lambung inflasi tinggi,negatif
tengah gejolak ekonomii global hantu resesi inflasi perintah ri jaga ekonomii ri tetap,positif
tengah sesuai harga bbm perintah indonesia konsisten jaga tingkat inflasi ekonomii indonesia tumbuh,positif
timbang laju ekonomii inflasi hitung hitungan winwin,negatif
tingkat inflasi as turun nonton peluangnya mau sinyal indikator trading gratis,netral
tingkat inflasi indonesia kendali angka,positif
tingkat inflasi indonesia tunjuk angka positif naik bbm september catat inflasi,positif
tingkat inflasi jaga perintah waspada resiko global inibe,positif
tingkat inflasi terjaga angka inflasi kira sesuai harga bahan,positif
tumbuh ekonomii lonjak inflasi kiblat tentu ump ekonomii nilai ump ideal bi,positif
turki kacau inflasi ambang resesilu literasi abis sok,netral
upaya perintah jaga pasok kelancaran distribusi komoditas pangan klaim,netral
waaah keliru instrumen kudu duduk wakil,negatif
wakil menkeu suahasil pasti inflasi jaga stabil menjadi pondasi ekonomii nasional,positif
wib sd selesai anggota koramil ngrampal laksana giat patroli monitoring spbu,netral
xl axiata buku kerja cemerlang periode kuartal tiga dampak signifikan naik harga,netral
bahas berita hasil bri tahun diliat,netral
alhamdulillah pandemi covid cenderung kendali giat tatap muka tingkat kebijakan,netral
zaman bisnis umkm jamur variasi gasin bahkan kuartal alami kenai,netral
inflasi malaysia sbb subsidi,netral
malam bahas berita tarik banget bisnis umkm tumbuh tengah kenaikan,netral
kak cowo nang air mata berlian kebayang berlian tuh mahal dapat,netral
tabung emas cerdas nilai harta gerus inflasi beli mini gold wa minigold mini gold,netral
naik harga telur ayam picu inflasi pekan iv november sariagri tani,negatif
kadar inflasi malaysia oktober turun jadi turun berturut turut,netral
kadar inflasi malaysia oktober turun jadi turun berturut turut paras tinggi direkodkan ogos lepas,netral
alhamdulillah pandemi covid cenderung kendali giat tatap muka tingkat kebijakan,netral
faktor dalam faktor luar inflasi us reda sebab naik kadar,negatif
nabung biar inflasi pegang belanja,positif
kendali inflasi tanam bawang cabe,positif
cegah resesi perintah kendali angka inflasi pangan,positif
angka relatif rendah banding inflasi juni capai persen inflasi persen dampak naik harga tarif listrik angkut,positif
landa isu resesi cerah ekonomii indonesia simak obrol tarik rencana uang,negatif
umkm milik multiplier effect kuat ekonomii indonesia bri fokus menumbuh kembangkan umkm naik,netral
jelas rinci berita ini,netral
bri sempat alokasi resources milik daya tumbuh kembang umkm teman baca artikel,netral
usaha umkm risau tengah inflasi ini,negatif
inflasi susah,negatif
pdb indonesia sumbang sektor umkm nuntuk jaga umkm tumbuh hadap tantang ekonomii inflasi bri alokasi resources milik daya tumbuh kembang umkm,positif
gejolak ekonomii sektor umkm indonesia tumbuh positif,netral
umkm milik multiplier effect kuat ekonomii indonesia karena bri fokus tumbuh kembang umkm naik inflasi daya biaya komprehensif,positif
landa isu resesi cerah ekonomii indonesia simak obrol tarik rencana uang generasi cuan eps part youtube generasi cuan resesi inflasi,netral
ngasi indeks bisnis umkm bri ternyata bisnis umkm tumbuh naik,netral
lupa bijak subsidi bahan bakar minyak bbm ambil perintah agustus dana implikasi positif tekan inflasi daya beli masyarakat omzet laku umkm meningkat,negatif
waduuuh inflasi dong kenapa perintah buka lapang kerja gausahlah prakerja guna keliat,negatif
next year malaysia confirm sambung inflasi fly ni,netral
indeks bisnis umkm kuartal rilis pt bank rakyat indoenesia persero tbk simpul sektor umkm tunjuk tumbuh bisnis optimistis tantang laju naik naik,positif
belum kalau tantang laju naik inflasi bisnis ukm tumbuh belum simak bagi informasi kalian,netral
sore enak kali bahas indeks bisnis umkm bri bisnis umkm tumbuh naik,netral
tiga agustus bijak subsidi bahan bakar minyak bbm perintah implikasi positif tekan inflasi daya beli masyarakat omzet laku umkm maju,positif
flat kena inflasi cicil,negatif
tumbuh bisnis optimistis tantang pesat naik naik inflasi sektor umkm kondisi potret indeks bisnis umkm kuartal rilis pt bank rakyat indoenesia persero tbk,positif
bbm hasil efek domino picu inflasi naik harga butuh pokok jasa biaya,negatif
inflasi neng zimbabwe harga telur milyaran,negatif
inflasi indonesia persen sri mulyani waspada,negatif
perintah ambil langkah tahan inflasi ambil bijak sesuai harga bbm kebijakan selalu pro rakyat prokes booster harus sejalan,negatif
habis dah salah raja lepas rakyat susah lawan inflasi negara struggle salah faktor perang rusia ukraine,negatif
kapten agus miharja hadir buka operasi pasar murah rangka gera nasional kendali inflasi pangan selenggara bank indonesia cabang tegal dengann pemkot kalong tempat pandopo lap mataram kota kalong kamis,positif
fun fact tengah inflasi sektor umkm tumbuh optimis,positif
sinyal the fed relatif dovish tingkat ekspektasi inflasi as capai puncak stockmarket tradingnews marketnews newsupdate investing financenews ihsg,netral
tim satgas pangan tim kendali inflasi daerah prov kalteng sidak pasar sampit kab kotim pasar mentaya pusat belanja mentaya pasar keramat pasar malam komplek daerah kodim kamis,netral
kendali inflasi pemkab pesisir barat gelar operasi pasar,positif
faktor tiga bijak subsidi bahan bakar minyak bbm tempuh perintah agustus implikasi positif tekan inflasi daya beli masyarakat omzet laku umkm tingkat,positif
sebanyak pdb indonesia sumbang sektor umkm perhati jaga umkm tumbuh hadap tantang ekonomii inflasi,positif
oleh bri komitmen fokus menumbuh kembangkan umkm naik inflasi daya biaya komprehensif,positif
sektor umkm tunjuk tumbuh bisnis optimistis tantang laju naik naik inflasi kondisi potret indeks bisnis umkm kuartal rilis pt bank rakyat indoenesia tbk,positif
bijak subsidi bbm upaya perintah agustus dampak positif tekan inflasi daya beli masyarakat jadi omzet laku umkm meningkat,positif
kendali inflasi paket sembako sedia operasi pasar murah kota kalong,positif
indikasi dovish the fed kuat salah obat urus inflasi,positif
kredit habis inflasi,negatif
modus inflasi loh ongkos nharus berantas,negatif
prioritas perintah hadap dampak kondisi tahan pangan indonesia inflasi sebab naik harga energi duniad prabowo dekade mending prabowo pilpres terus maju bersama prabowo,negatif
tekan laju inflasi pj wali kota sabang kapolres tinjau pasar induk harga stabil,positif
rencana uang butuh uang jk pendek tengah inflasi financial planning,netral
beliau orang jamin krna beliau sikat judi online judi slot ide dari beliau da ksih atensi sikat binomo forex inflasi take profit cma circle sambo teddy juchedeia komunis pki beliau bnr sikat smua bisnis trading mafia judi slot mafia crypto,negatif
respons lesu ekonomii global roket inflasi kerja alphabet alami lambat turut juli,negatif
tanam cabai program prioritas perintah daerah dukung kendali tingkat inflasi beri bantu harap daya motivasi ibu anggota kelompok dasa wisma kelompok tani,positif
bank sentral negara maju emerging tangan inflasi instrumen moneter,netral
waspada inflasi indonesia capai persen,negatif
kendali laju inflasi tahan pangan,positif
naik gaji minimum atas inflasi kena control nilai,netral
jalan ekonomii alami inflasi tahun inflasi golong rendah dampak negara negara milik hutang manfaat saat negara bayar hutang,negatif
tarik sempat negara superpower pasca kepada mana negara indonesia pinjam hutang imf inflasi,negatif
waspada inflasi indonesia rangkak persen oktober,negatif
momogi inflasi,negatif
lol kelakar post sedih ahli kabinet kena potong elaun inflasi murni sungguh hati pikir elaun atas sedia banyak tu gaji tahun kau,negatif
minyak apung pasar subsidi minyak murah murah macam ekonomii arah inflasi,negatif
mata uang asia kuat kamis dolar as gerak turun sinyal federal reserve relatif dovish tingkat ekspektasi inflasi as capai puncak bank sentral turun laju naik suku bunga,negatif
orang risau inflasi next year ekonomii ringgit jatuh junam tetiba puak risau habis melayu kene tindas yahudi masuk lepas ni sajat level pikir orang  ekonomii,negatif
langka bahan rantai pasok ganggu akibat krisis sebab inflasi makan dunia kreativit,negatif
dah more zaman digulagulakan duit kali kasi settle inflasi taik orang nak settlekan orang,negatif
tangan dampak inflasi wali kota banjarbaru serahkan bantuan,negatif
negara kendali inflasi,positif
potensi inflasi suku bunga,negatif
dasar data teliti kompas juni inflasi naik biaya indonesia rata rata angka,negatif
gas pulih ekonomii menteri uang sri mulyani indrawati indonesia coba mengatasi,positif
sobat rupiah ekspektasi inflasi over shooting salah latar bank indonesia,negatif
bu sri mulyani gaduh masyarakat indonesia inflasi mundur atau pecat,negatif
hyper inflasi hujung pimpin karno tepat tahun turun waktu,negatif
sobat rupiah kembang indikator stabilitas nilai rupiahn oktober rupiah buka level,netral
laksana giat giat kendali inflasi operasi pasar murah laksana walikota samarinda,positif
lapor mahasiswa jerman hidup garis miskin situasi bi,netral
world population review catat juta orang as gelandang,netral
bank indonesia proyeksi inflasi oktober capai persen banding sebelum,netral
banding anggota negara kondisi ekonomii indonesia kendali tingkat inflsi,positif
bpn gandeng bps dukung data indonesia kendali inflasi baru berita bpn,positif
perang ukraina rusia ancam resesi dunia indonesia laku kendali inflasi,negatif
alhamdulillah inflasi terjaga menurut presiden inflasi jaga otoritas pegang fisk,positif
presiden laju angka inflasi indonesia kendali patut syukur negara,positif
tahu pasca sesuai harga bbm tingkat inflasi indonesia jaga urut,positif
lh yakali orang kaya gara apk inflasi indonesia,negatif
sobat rupiah kembang indikator stabilitas nilai rupiah oktober rupiah buka,netral
tumbuh ekonomii indonesia capai dorong tumbuh umkm cipta lapangan,netral
hyper inflasi hyper inflasi hujung pimpin karno tepat tahun,netral
sehat strong tumbuh ekonomii inflasi jaga investasi turut nomor indonesia,positif
negara kendali inflasi indonesia bantua bbm untuk rakyat blt bbm tepat sasaran,positif
prinsipil ambo orang bank indonesia ngurusi inflasi inflasi,netral
resesi takut daya beli orang indonesia kuat khawatirin tuh masuk inflasi beda cerita,negatif
indonesia atas inflasi akar,positif
world economic forum bahas indonesia miskin ketidaksetaraan sosial banyak,negatif
tekan inflasi harga komoditas volatile perang berkepanjangan,negatif
dengerin saran bu sri mulyani ekonomii indonesia resesi inflasi,negatif
besok tweet ikan kembung ikan layang ikan jenis andal rakyat indonesia,netral
indonesia dampak global alami resesi koran jakarta ekonomii resesi bisnis inflasi sosial,negatif
menkumham sebab indonesia dapat terexpose resiko global inflasi resesi kompetisi politik hingga,negatif
bank indonesia inflasi juni banding inflasi mei,netral
ekonomii senior faisal basri sebab utama krisis ekonomii global konflik,negatif
inflasi belanda september kemarin harga sewa kamar kost apartemen bekas jajah indonesia,negatif
boss imf saran bank central dunia bank indonesia bank central indonesia,netral
inflasi belanda september kemarin harga sewa kamar kost apartemen bekas penjajah,negatif
menkeu sri mulyani indrawati sebut akar inflasi rantai pasok,negatif
boss imf saran bank central dunia bank indonesia bank central,netral
kota bukittinggi sumatera barat daerah alami inflasi tinggi indonesia september,negatif
negara detail indonesia upaya kendali inflasi upaya kendali inflasi,positif
kamis tanggal oktober wita laksana giat giat kendali inflasi operasi,positif
negara dunia indonesia hadap tantang pandemi covid,netral
rakordal triwulan upaya merespon kondisi kondisi ekonomii indonesia global kait inflasi,positif
dampak naik bbm inflasi blt subsidi bbm bukti inflasi kendali,positif
direktur utama pt unilever indonesia ira noviarti tbk nilai inflasi,netral
inflasi perhati waspada indonesia internasional,negatif
kepala kantor wakil kpw bank indonesia tegal taufik amrozy sebut angka inflasi kota tegal,netral
perintah jaga inflasi konsumsi tumbuh,positif
bodoh atw jalan pesan bohir soal inflasi pertumbuhan ekonomii,negatif
indonesia keren negara inflasi gak kendali indonesia inflasi terjaga fakta pertalite,negatif
dampak naik bbm inflasi blt subsidi bbm bukti inflasi,negatif
jasa mu indonesia bu sri mulyani keren banget kagum ekonomii resesi inflasi,positif
perilaku masyarakat seringkali prediksi inflasi ekspetasi,negatif
bank indonesia inflasi kondisi mana naik harga barang jasa,negatif
inflasi indonesia imbang dengan produk domestik bruto positif jokowi presidenku pembangunan untuk rakyat,netral
indonesia aman waspada hadap inflasi resesi via,positif
bu sri mulyani keren banget ekonomii resesi inflasi indonesia,positif
turun ekspektasi inflasi bank indonesia agresif naik suku bunga acu bijak bank,negatif
negara kendali inflasi indonesia nalar,positif
inflasi indonesia tekan bijak tepat nusa tenggara barat indonesia bantua bbm untuk rakyat,netral
batu bara bbm inflasi,netral
tren inflasi negara dunia alami naik signifikan akibat krisis pangan energi amerika serika,negatif
turkarikaturke rbnkep indonesia tur militer galak pacifik nelayan asing nafsu perairan,negatif
beras rentan inflasi mayoritas konsumsi utama rakyat indonesia masyarakat miskin,negatif
negara jitu perintah tekan tingkat inflasi indonesia menurut lapor,positif
pasok bbm aman tangan inflasi indonesia apresiasi pemerintah tekan inflasi akibat naik harga energi,positif
kerjasama bank indonesia kodam tekan inflasi wilayah,positif
presiden joko widodo mewanti pengendalian inflasi tiaptiap provinsi indonesia,negatif
keren indonesia kunresesi inflasi ekonomii,positif
puji tuhan mudah mudahan indonesia bebas resesi nindonesia ekonomi resesi inflasi,positif
dirut bank mandiri darmawan junaidi dasar proyeksi ekonomi tumbuh ekonomii kuartal tumbuh,netral
ancam resesi dunia daya tarik investasi indonesia bukti,negatif
pt freeport ambil saham sm indonesia batas ekspor nikel olah negara,netral
menkumham sebab indonesia dapat terexpose resiko global inflasi resesi kompetisi politik,negatif
sehat untuk juang receh sarap makan siang,netral
dagang kemarin ihsg tutup lemah level menteri uang rilis realisasi,negatif
inflasi indonesia termasuk rendah banding negara,positif
negara jitu perintah tekan tingkat inflasi indonesia menurut lapor kemenkeu,positif
pasok bbm aman tangan inflasi indonesia apresiasi pemerintah tekan inflasi akibat naik,positif
celah jaga kerja positif ekspor negara pasar utama indonesia lam inflasi,positif
paham ideologi karno tempat kota kalimantan garis lurus dari yogya sebab,netral
danga dungu tol tetep pakai bloonnnyata jalan tol infrastruktur,negatif
faktor kerja ekspor indonesia kerja positif inflasi domestik,positif
bank indonesia papar kerjasama kendali inflasi perkuat ekonomii ri,positif
kerja ekspor indonesia sisi positif inflasi domestik,positif
bank indonesia langkah bijak lanjut turun ekspektasi inflasi,negatif
bank central australia umum naik suku bunga acu tahan laju reaksi negatif,negatif
presiden gas pulih ekonomii indonesia coba mengatasi inflasi akar masalah rantai,negatif
rangka pulih ekonomii indonesia coba inflasi akar rantai pasok,positif
bank indonesia inflasi tembus,negatif
sobat rupiah naik suku bunga acu negara dorong dorong potensi naik inflasi,negatif
indonesia emang lawak anjir negara juang hadap krisis gdp malah,negatif
barang beli barang mahal iphone cari indonesia,netral
gaes bri zaman now keren banget nih  check this out  apresisasi terhadap kinerja bri yang mampu bertah,netral
sama status dengan pasukan khas jihad tangani inflasi,negatif
kita tengok apa hasil masyarakat esok berbanding jihad inflasi annuar musa yang ditubuhkan pada jun sampai okto,negatif
pasukan jihad menangani inflasi tak rasa terciduk ke hehehe,negatif
ini tentunya mempertimbangkan saat ini inflasi tahunan pada bulan oktober,negatif
tantangan ekonomii global yang dipicu oleh konflik geopolitik terus memicu lonjakan inflasi,negatif
ibarat senjata bi menembakkan amunisi untuk mengenai target rdenganbi terbaru bi menaikkan suku bunga bidr,netral
ad org nama na inflasi ngantemi perusahaan si prmen mgkin perusahaan ny cri msaslah psti prmen,negatif
teringat pasukan jihad atasi inflasi mcm haram,negatif
indeks bisnis umkm bri bisnis umkm tetap tumbuh di tengah kenaikan inflasi ,negatif
dari sektor umkm menunjukan pertumbuhan bisnis optimistis di tengah tantangan laju kenaikan kenaikan inflasi ,negatif
anggota koramil ngrampal melaksanakan kegiatan patroli penegakan ppkm level dan monitoring spbu dalam rangka,netral
indeks bisnis umkm bri bisnis umkm tetap tumbuh di tengah kenaikan inflasi yuk kita simak bagaimana perjalanan,negatif
yes industry perlu subsidy or at least mechanism yg replace subs kalau remove drastically subsidy,netral
strategi khusus hadapi inflasi dan suku bunga jokowi presidenku pembangunan untu krakyat presiden jokowi hebat,positif
sektor umkm tetap menunjukkan pertumbuhan bisnis yang optimal di tengah tantangan akselerasi inflasi kondisi,positif
bisnis umkm tetap tumbuh di tengah kenaikan inflasi yu kita bahas indeks bisnis umkm bri  thread,negatif
komitmen bri yang akan terus fokus menumbuh kembangkan umkm di tengah kenaikan inflasi saat ini melalui pemberdayaan,negatif
apalagi kalo ada geng saling supor yas kuin dan dikelilingi simp kami sebut wanita inflasi,negatif
actually tak rasa pown benda ni sorok inflasi pown ada kena mengena jugak tahun ni tahun inflasi,negatif
pelaku kebijakan dove prcy bhwa naikny inflasi tidak trlalu berpengaruh thdp khidupan masyarakat umum shingga mnaikkan suku bunga tidak dperlukan,negatif
bulan ni ramainya sehari almost beratus hq mula tanya untuk join agent amp dropship untuk buat sideincome dah mula,netral
tau ga guys kalo bisnis umkm tetap tumbuh di tengah kenaikan inflasi lohh ,positif
saya tak fikir brim krim itu bagus untuk jangka panjang sebab dia tidak membina ekonomii,netral
maluku utara adalah provinsi paling bahagia inflasi dan penganggurannya paling rendah dan pertumbuhan ekonomiinya yang,positif
pemerintah mampu kendalikan inflasi akibat penyesuaian harga bbm bltbbmbantumasyarakat bansosbbmringankanrakyat,positif
 gaes bri zaman now keren banget nih  check this out  apresisasi terhadap kinerja bri yang,netral
dr tahun sampe hari ini kamu tau tidak berapa besar dampak inflasi dari tahun sampai,netral
komitmen bri akan terus fokus menumbuhkembangkan umkm di tengah kenaikan inflasi saat ini melalui pemberdayaan dan,negatif
kenapa inflasi terjadi sebab disaat kita menambah nambah harta kita tapi masih ramai kenalan kita tengah ikat perut,negatif
sektor umkm masih menunjukan pertumbuhan bisnis yang optimistis di tengah tantangan laju kenaikan kenaikan inflasi,negatif
membandingkan tingkat inflasi itu jangan dengann negara maju kejauhan  bandingkan dengann negara di asia amp juga kemampuan,negatif
alhamdulillah patut disyukuri nih menurut menkeu sri mulyani kenaikan inflasi domestik masih moderat karena penangan,positif
pm dan team kementerian je mtg blh je jalan keje ini tidaktubuh jk jihad inflasi kono,negatif
tak perlu ade team jihad inflasi,negatif
kenaikan ringgit disebabkan oleh susut nilai matawang dollar us oleh krn inflasi matawang mereka,netral
ah no need pasukan jihad inflasi ah,negatif
bri terus fokus menumbuhkembangkan umkm di tengah kenaikan inflasi saat ini melalui pemberdayaan dan pembiayaan,negatif
bhbisnes pakar saran opr boleh dikekalkan pada kadar sekarang sehinggalah ekonomii domestik terus pulih,netral
big player takot harga jatuh sebab ada bau dsai bakal adakan kawalan harga barang jadi tu dia kelu,netral
ni pasukan jihad menentang inflasi ke,negatif
boleh tengok history data lepas nov ringgit terus naik berbanding usd semuanya berpunca dari pengumuman data inflasi,netral
pada nov keluar data yg inflasi usa rendah berbanding yg dijangka forecast actual bila inflasi turun jangka,netral
dampak inflasi ini memang cukup membuat daya beli rendah maka harus dengan menaikkan um,negatif
pengusaha berdalih fobia resesi pekerja amp buruh sdh tergencet inflasi oknum bnyk yg tajir melin,negatif
yang terkena dampak dari inflasi wajib menerima insentif yang merata,positif
alhamdulillah patut disyukuri nih menurut menkeu sri mulyani kenaikan inflasi domestik masih moderat karena,negatif
inflasi yang terjadi ini mau tidak mau pemerintah harus menaikkan um namun ti,negatif
jual ginjal buat biaya hidup pas gejolak inflasi,negatif
kebijakan pengupahan ini dilakukan karna melihatnya kondisi lonjakan inflasi,negatif
jadi salah satu faktor kenapa inflasi kenaikannya tinggi misalnya bantuan kemaren kan macem tuh pas covid taulah sotoy kek nya,negatif
bank indonesia bi memperkirakan inflasi juni lebih tinggi dibandingkan inflasi mei,negatif
dh tentu bukan pn umno dan rakan taulansbb mereka wujudkan jihad inflasi,negatif
gak boleh kak cowo jadi nangis nanti air matanya jadi berlian kebayang kan berlian tuh mahal didapet,netral
dinas pu bandar lampung menjadwalkan program penanganan inflasi pada desember kepala dinas pu iwan gunawa,positif
pasukan jihad menangani inflasi ke ni,negatif
aku masih terranya pasukan jihad kawal inflasi tu kemanaapa sumbangan,negatif
membahas masalah umkm sektor umkm masih menunjukan pertumbuhan bisnis yang optimistis di tengah tantangan laju,positif
gamau pusing mikirin inflasi,negatif
tekan inflasi mobilisasi pangan dari daerah surplus ke daerah defisit sariagri pertanian,positif
apa khabar lah agaknya initiatif jihad melawan inflasi tak ingat apa nama,negatif
pm dan team kementerian je mtg blh je jalan keje ini tidak tubuh jk jihad inflasi,negatif
bukan air evian  perlu tunggu lama tubuh jihad inflasi bagai,negatif
kepala kejaksaan negeri ikuti rapat video conference terkait kebijakan pengendalian inflasi khususnya sosialisasi,positif
sekira harga minyak turun adakah negara dapat menyokong ekonomii negara pd keadaan dunia tidak menentu,negatif
aku habis baca artikel yang bagus bakal aku buat utasnya atau bisa kalian baca langsung dari sumbernya,netral
airlangga ingatkan ada pemda belum terapkan kebijakan pengendalian inflasi tempo bisnis,negatif
hari ini mau bahas bri yg udh bantu umkm tetep berkembang di tengah inflasi  thread,netral
inflasi sih yang membuat ekonomii kita menurun sampai saat ini,negatif
airlangga ingatkan masih ada pemda belum terapkan kebijakan pengendalian inflasi tempo bisnis,negatif
dan yang ketiga yaitu kebijakan subsidi bahan bakar minyak bbm yang ditempuh pemerintah pada agustus berimpl,netral
tolong siasat sama apa benda jihad inflasi buat dlu,negatif
berarti ga ada barang yang harganya seribu ribu sebegitu tinggi itukah inflasi di papua ya,negatif
persoalan bangsa kita saat ini kurs rupiah melemah hutang meningkat phk karyawan inflasi tinggi rese,negatif
kelebihan bayar kalau tidak ketahuan kemana dananya ya,negatif
orang tuh kadang penghasilan ada tp ilang gitu aja gak mikir nabung pdhl kebutuhan di masa depan,netral
waspada ancaman inflasi natal dan tahun baru lengkap cepat beritanya keuangan ekonomii ekonomii ekonomii indonesia,negatif
pak partai masih fokus memikirkan negara nya dimana,negatif
mesti muka skema macam peja tambun pakai spect yang paling bangga tayang bodohnye budak mandorm jenis pemalas tak pernah,netral
kosa kata unlocked wanita inflasi,negatif
menabung emas adalah cara cerdas agar nilai harta kita tidak tergerus inflasi beli minigold wa minigold minigoldjember,positif
yang harus di ketahui umkm memiliki multiplier effect yang kuat terhadap perekonomiian indonesia bri akan terus,netral
nah sektor umkm core bisnis dari bri masih tunjukkan pertumbuhan bisnis yang optimistis di tengah tantangan laju,positif
indeks bisnis umkm bri bisnis umkm tetap tumbuh di tengah kenaikan inflasi yuk kita simak bagaimana,netral
inflasi indonesia masih relatif moderat,negatif
bagus tak serupa jawatankuasa jihad inflasi yang tak berfungsi now we see real leadership,negatif
indonesia kuat indonesia sanggup dalam menghadapi ancaman reflasi ekonomii optimis jika indonesia mampu menahan laju,positif
indonesia kuat menghadapi ancaman reflasi ekonomii dmna scr umum lbh baik drpd negara lain krn bisa menjaga keseimbangan,positif
menipu je semua orang belanja keperluan hidup ada ramai je ya,netral
presiden republik indonesia ri joko jokowi widodo mengatakan pertumbuhan ekonomii indonesia melaju cukup signifikan,netral
tingkat inflasi pangan masih tinggi di berbagai negara,negatif
inflasi malaysia turun kepada peratus pada oktober,netral
jaman sby pertumbuhan ekonomii tinggi pendapatan per kapita naik pesat dolar murah inflasi tinggi pun,netral
yang memicu inflasi harga yang diatur pemerintah administered price,negatif
daftar negara dengan inflasi pangan tertinggi,negatif
mana kumpulan jihad inflasi dlu tuupuiii,negatif
ramai tak tahu rm sebulan boleh dapat hibah takaful rmk pampasan naik tiap tahun percuma tanpa kenaikan,netral
inflasi peratus dijangka pada jika mekanisme subsidi bahan api dikekalkan,negatif
pengendalian inflasi di kota pontianak merupakan yang paling baik di kalimantan dengan nilai di bawah ratarata nas,positif
thread tentang indeks bisnis umkm bri bisnis umkm tetap tumbuh di tengah kenaikan inflasi ,negatif
tarif internet terkena inflasi juga omg,negatif
new post sekda makassar menangani inflasi melalui lorong wisata has been published on,positif
salah satu sebab utama aku nk dsai naik pm sebab ni lasedih tau tak tgk orang lain struggle gila nak hidup yg kaya,netral
lebih murah di turki kak inflasi disana bikin kalap haha jd pgn buka jastip branded turki,negatif
cable sedikit lebih tinggi karena pelemahan dolar membayangi lonjakan inflasi inggris,negatif
seluar baju kids pun elok anak semua tukar uniqlo daripada marks spencer mothercare inflasi uolls,netral
kita dah nampak kesan yang lepas bila ramai ada tunai di tangan secara tak langsung aliran,netral
invasi bang bukan inflasi,negatif
maluku utara adalah provinsi paling bahagia inflasi dan penganggurannya paling rendah dan pertumbuhan ekonomiinya,positif
para goblok yg memprovokasi rakyat indonesia demo seperti di sri lanka tahu tidak jika inflasi sri lanka vs in,negatif
sekarang rate nya permen kak sori sori aja nih inflasi,negatif
pemerintah kota banjarmasin cairkan dana bansos dampak inflasi dan kenaikan bbm,negatif
negara inflasi vs negara narkoboy,negatif
iyahhh dari sebelum nikah sdh ada pembahasan karena sadar diri kalau diri,netral
salah satu indikasi yg perlu diterbitkan ialah inflasi peringkat tempatan daerah,negatif
 gaes bri zaman now keren banget nih yesss apresisasi terhadap kinerja bri yang mampu bertahan bahkan,netral
kalian tau ga geys kalo umkm kita mengalami pertumbuhan di tengah kenaikan inflasi negara kita,negatif
umkm bri tetap tumbuh saat inflasi thread,positif
dengan kpdnhep dengan team jihad inflasi apa dia orang buat goncang teloq apa info,negatif
bila pelaburan bnyak ekonomii meningkat bila ekonomii meningkat kos sara hidup yg meningkat dapat diturunkan bi,netral
sobat rebahaners kita kepoin yuk komitmen bri untuk memajukan umkm bisnis umkm tetap tumbuh di tengah kenaikan inflasi,netral
bisnis umkm tetap tumbuh di tengah kenaikan inflasi,negatif
wahhh tadi baca berita indeks bisnis umkm bri kuartal bisnis umkm tetap tumbuh di tengah kenaikan inflasi keren sih,positif
ada beberapa hal yang bisa kita lakukan untuk menghadapi inflasi menghemat uang persiapan dana darurat mencari,positif
petumbuhan positif bisnis umkm kuartal tergambar dari skor indeks bisnis umkm yang berhasil meraih skor,netral
 gaes bri zaman now keren banget nih  yesss apresisasi terhadap kinerja bri yang mampu bertahan,netral
die ngwrti gak sih kelebihan bayar bahwa kalau daerah yang,netral
kita tengok apa hasil masyarakat esok berbanding jihad inflasi annuar musa yang ditubuhkan pada jun sampai,negatif
maka dari itu deh bri berkomitmen akan terus fokus menumbuh kembangkan umkm di tengah kenaikan inflasi saat ini melalui,negatif
 amazing nya bahwa sektor umkm masih mampu menunjukkan pertumbuhan bisnis yang optimis di tengah tantangan,negatif
maka dari itu deh bri berkomitmen akan terus fokus menumbuh kembangkan umkm di tengah kenaikan inflasi saat ini mela,negatif
tindakan khas kos sara hidup vs pasukan khas jihad tangani inflasi rap battle of history,negatif
kebijakan subsidi bahan bakar minyak bbm yang ditempuh pemerintah pada agustus berimplikasi positif terhadap tekanan,netral
tibatiba ingin membahas  yg dimana bisnis umkm tetap tumbuh di tengah kenaikan inflasi,negatif
sektor umkm masih menunjukan pertumbuhan bisnis yg optimistis di tengah tantangan laju kenaikan inflasi kondisi tersebut nampak dalam,negatif
sama malaysia dan vietnam saja kalah jauh pertumbuhan dan inflasi ngotot terbaikuteknya dimana,netral
utas henlo genks kalian tahu kan bank favorit seluruh masyarakat indonesia yup one only bri  umkm bri,netral
kebijakan subsidi bahan bakar minyak bbm yang ditempuh pemerintah pada agustus berimplikasi positif terhadap,positif
sektor umkm masih menunjukan pertumbuhan bisnis yg optimistis di tengah tantangan laju kenaikan inflasi kondisi tsb,negatif
sobat rebahaners kita kepoin yuk komitmen bri untuk memajukan umkm bisnis umkm tetap tumbuh di tengah kenaikan,netral
salah satu indikasi yg perlu diterbitkan ialah inflasi peringkat tempatan,negatif
pasukan khas jihad tangani inflasi massive failure,negatif
akhirakhir ini bbm naik sehingga bisnis umkm dihadapi dengan tantangan inflasi hal ini mendorong bri untuk menopa,negatif
amazing nya bahwa sektor umkm masih mampu menunjukkan pertumbuhan bisnis yang optimis di tengah tantangan,netral
sektor umkm masih bisa menunjukkan pertumbuhan bisnis yang optimis loh di tengah tantangan kenaikan inflasi karen,negatif
ketiga kebijakan subsidi bahan bakar minyak bbm yang ditempuh pemerintah pada agustus berimplikasi positif,netral
umkm memiliki multiplier effect yang kuat terhadap perekonomiian indonesia sehingga bri berkomitmen untuk terus fokus,netral
pemerintah kota palangkaraya setiap minggu laporkan perkembangan inflasi ke pemerintah pusat,netral
indeks bisnis bank bri di kuartal tiga aku kasih tau sedikit guys salah satunya sektor umkm ,netral
ini dia kinerja bank bri di kuartal tiga ini yuk simak pencapaian nya ,netral
kita dah nampak kesan yang lepas bila ramai ada tunai di tangan secara tak langsung al,netral
weh korang lupa ke kita ada team jihad inflasi apa laporan mereka sebab dah tukar pm kan,negatif
indikator stabilitas sobatrupiah berikut perkembangan indikator stabilitas nilai rupiah per november,netral
dengan dorongnya masyarakat indonesia dalam pertumbuhan umkm yang tetap stabil membuat inflasi semakin berkembang,positif
kalian pernah denger gak sih kalo sektor umkm masih berkembang loh di tengah inflasi gini ,positif
namun guys sektor umkm masih menunjukan pertumbuhan bisnis yang optimistis di tengah tantangan laju kenaikan kenaikan inflasi ,negatif
bri berkomitmen untuk terus fokus menumbuh kembangkan umkm di tengah kenaikan inflasi saat ini melalui pemberdayaan,negatif
mulai dari gencarnya perekonomiian dunia yang juga memberikan dampak inflasi di indonesia membuat bank bri mencetuskan,negatif
kalian tau ga geys kalo umkm kita mengalami pertumbuhan di tengah kenaikan inflasi negara kita ,positif
ga usah mikirin utang hellooo yang kena,netral
al sabab penyakit kanker tautan medis dokter preferensi kegagalan organ mysterius or opinion,netral
bisnis umkm tetap tumbuh berkembang meskipun di tengah tengah badai inflasi ,positif
banyak duitku tetep kurang ketarik inflasi gaji tidak naik,negatif
aktor penopang pertumbuhan bisnis umkm pada kuartal pandemi covid yang cenderung terkendali ke,netral
inflasi dan diflasi sesuatu bukan macam itu sama,negatif
inflasi itu nyata,negatif
kutim unit turjawali polres kutim setiap hari melsanan dan membantu pengawalan prioritas,netral
blt dalam rangka menanggulangi d inflasi kenaikan,negatif
sektor bisnis umkm masih saja menunjukan bahwa adanya peningkatan atau tetap menunu ke arah yang lebih baik walaupun ditengah kenaikan inflasi transformasi bri,netral
hai all kembali lagi bersama bri dengan judul bisnis umkm tetap tumbuh di tengah kenaikan inflasi wah ko bisa bisa dong  paparin ya biar kalian ga penasaran thread transformasi bri,negatif
adanya kenaikan bisnis umkm walaupun ditengah meningkatnya inflasi terpotret dalam indeks bisnis umkm kuartal iii tahun transformasi bri,negatif
hal ini juga dapat dibuktikan dengan adanya kondisi kinerja umkm yang masih bisa terus meningkat walaupun di tengah meningkatnya inflasi transformasi bri,negatif
menegaskan peran bumn terhadap ketahanan pangan merupan bentuk antisipasi untuk menekan harga pangan,netral
bi memperkira inflasi tahun ini masih di kisaran persen atau sesuai dengan target inflasi bi empat plus minus satu persen,positif
presiden jokowi pastikan indonesia dapat kendalikan tingkat inflasi,positif
blt bbm tahap ii bantu dalam kestabilan inflasi,positif
penyesuaian harga bbm jokowi sebut laju inflasi masih,positif
blt bbm berhasil tekan inflasi bantuan bbm untuk rakyat blt bbm tepat sasaran  subsidi tepat sasaran cerdas pai bbm bij pai bbm blt bbm,positif
sebagai summary recession dijngka lebih mild namun an mnggantikan tema rate hike kos meminjam lebih tinggi juga,netral
inflation di us sudah menunjukkan penurunan dan dijangka an lebih stabil pada globally inflasi juga dijangka,positif
dengan asumsi pemerintah lagi melkan kebijakan yang memicu inflasi,negatif
ra ngece tapi wajar nek tskok sekolahe opo ukuran sejahtera itu padab indeks kesehatan pendidikan giniratio inflasi kebahagiaan warga bukan jalan tol apalagi milik asing jalan tol mah tempat lewat doang belum ada ilmu ngukur kesejahteraan dengan semen,netral
kebijakan yg bijapbn nekonomii resesi inflasi,positif
inflasi terkendali dengan adanya blt bbm ini ,positif
inflasi terjaga dengan adanya bantuan sosial blt kepada masyarakat,positif
dalam rangka membantu masyarakat miskin dari d inflasi pemda wajib mengalokasikan dari,positif
inflasi sekian,negatif
selain tarif listrik kenaikan permintaan dan tarif angkutan juga bal berkontribusi pada inflasi bulan ini,negatif
sepanjang tahun ini bank indonesia telah empat kali menaikkan suku bunga untuk meredam inflasi,negatif
ada barang sama yg pernah dibeli kalo ada lihat harga terhir kalo memang harga naik cek nilai inflasi kira berapa persen kenaikan harga yg masih feasible untuk dinego kemudian bandingkan dengan budenganet kita masuk atau tid kalo masuk gaspol klo gamasuk koordinasi user,netral
peter schiff krisis mata uang an memicu inflasi artinya krisis mata uang an adopsi masal kripto contohnya liba,negatif
airlangga juga menjelaskan bahwa inflasi diperkiran terkendali hingga hir tahun setelah sebelumnya berada pada angka  persen airlangga memperkira sai hir tahun angka inflasi berada pada kisaran  jokowi,positif
inflasi bunga deposito ,negatif
dijaman modern bany dikenal dengan tabungan uang kertas maupun uang digital deposito sukuk dll tetapi nilainya terus menyusut karena inflasi,negatif
duit mana sesuai tukar kepada emas duit yang t digunan setahun ke atas  dapat el inflasi bukan duit pinjaman  jangan buat personal loan pinjam duit orang lain untuk beli emas duit lebihan minima rm  boleh simpan emas dalam aun gap,negatif
airlangga juga menjelaskan bahwa inflasi diperkiran terkendali hingga hir tahun setelah sebelumnya berada pada angka  airlangga memperkira sai hir tahun angka inflasi berada pada kisaran  jokowi,positif
sebetulnya kondisi ekonomii yang lesu memang udah berlangsung sej waktu virus korona baru aja muncul tetapi ini diperparah dengan perang ukraina rusia yang memicu inflasi terhambatnya perputaran perdagangan dan supply chain stock,negatif
alhamdulillah moratorium merupan instrument kawalan terhadap riba yang jelas tid adil keatas rakyat my moratorium,netral
ketika pkp menjadi asbab membantu rakyat untuk stabil waktu pandemik inflasi juga kesan dari riba,negatif
blt bbm berperan penting mencegah inflasi dan resesi,positif
demi menahan inflasi pemerintah terapkan harga bbm di bawah keekonomiian,positif
kebijakan jokowi fokuskan jaga inflasi dan pulihkan ekonomii untuk apbn dinilai tepat,positif
tekan inflasi pemkab mubar jual pangan subsidi,positif
kasian warga twitter pada berburu rokok murah haha ibat inflasi dan paj cukai yang naik gilagilaan tiap tahun,negatif
wkwk ada alasanya guys ini smua krn inflasi bahan kue sedangkan target pasarnya market ini adalah klompok org yang sensitif dengan perubahan hargaproduk yg harganya naik shigga perusahaan kayak momogi memituskan untuk memperkecil produknya dengan harga yg sama,negatif
kalo memasukkan prinsip ekonomii arisan yg kena kocok paling hir itu paling rugi karena sudah terman inflasi dan harusnya nilai uangnya ditambahkan harus ada arisan inflasi,negatif
bisnis umkm tetap tumbuh di tengah inflasi mau tau yuk kepoin thread,netral
yang memicu inflasi harga yang diatur pemerintah administered price,negatif
peter schiff krisis mata uang an memicu inflasi artinya krisis mata uang an adopsi masal kripto contohnya libanon nigeria turki lira turki minus pernah denger demonegara yg balapan menerapkan cbdc adalah negara yg khawatir mata uangnya ditinggalkan,negatif
dimana kata gubernur khofifah ketetapan umk dilkan berdasar pertimbangan perihal kondisi riil mulai dari inflasi tahunan pada november sebesar persen,negatif
kapan ya terjadi inflasi iphone,negatif
gatau ya tp kalo cashless malah cenderung ke inflasi ga sih soalnya pada pe uang digital kalo pada pindah ke uang digital yang fisiknya malah min ga kepe dan ga lenyap juga kan gue sempet caricari paper pengaruh cashless kebanyakan inflasi,negatif
kegiatan gemarikan mu mendorong kemajuan ekonomii umkm dan menekan inflasi,netral
tahun amat mencabar berikutan krisis tenaga dan manan yang semin meruncing sehingga menaikkan kadar inflasi global dan membawa kepada risiko,negatif
sektor umkm dijadikan fokus utama oleh bri baca selengkapnya di utas ini thread,netral
bri menjaga umkm dapat tetap tumbuh menghadapi berbagai tantangan ekonomii termasuk inflasi  thread,positif
sektor umkm masih menunjukan pertumbuhan bisnis yang optimistis di tengah tantangan laju kenaikan kenaikan inflasi kinerja,negatif
ibat hantaman inflasi inggris warga man manan hewan hal ini disaikan oleh mark seed direktur proyek manan komunit,negatif
perusahaan juga lama tercekek maunya ump pada naik tiap tahun pasti diikuti harga juga pada naik karena perusahaan kan harus gaji pegawai demikian juga yg informal sai karyawan pecel lele aja minta naik gaji yg ada inflasi min ga terkendali simplenye gitu,negatif
arahan jokowi terkait prediksi ekonomii ri kunci pertumbuhan ekonomii di yaitu belanja yang menyangkut konsumsi pengendalian inflasi dan peningkatan,positif
jokowi tempatkan apbn sebagai salah satu instrumen stabilitas pengendalian inflasi,positif
sebagai summary recession dijngka lebih mild namun an mnggantikan tema rate hike kos meminjam lebih tggi juga mengibatkan ekonomii slowdown apabila org kurang meminjamduit in circulation kurang ma hrga inflasi dijangka an lebih terkawal bkn kembali,positif
inflation di us sudah menunjukkan penurunan dan dijangka an lebih stabil pada globally inflasi juga dijangka sudah berda di paras tertinggi dan dijangka an turun atau maintain in bukan lagi menaik,positif
sektor umkm memang luar biasa terbukti umkm tetap tumbuh di tengah kenaikan inflasi,negatif
pelda suwardi koramil sukodono brsm bripka agtri utomo dan bripka riyanto polsek sukodono melsanan kegiatan patroli ppkm level dan monitoring antrian bbm di spbu diwilayah kec sukodono dalam rangka pantau inflasi bbm,positif
jawatankuasa jihad melawan inflasi an sentiasa ke medan perang harga tuan,negatif
sobatrupiah berikut perkembangan indikator stabilitas nilai rupiahn per desember rupiah dibuka pada level,netral
diharapkan sinergi menjaga stabilitas harga dpt menopang daya beli  pemulihan ekonomii nasional terlebih,positif
mau tahu langkah apa saja yang dilkan gnpip bali nusra untuk mengendalikan inflasi pangan dan bagaimana sobatrupiah,netral
sobatrupiah bi bersama tpip  tpid terus bersinergi untuk memastikan kestabilan harga serta mencapai ketahanan pangan,netral
menabung emas adalah cara cerdas agar nilai harta kita tid tergerus inflasi beli minigold wa minigold minigoldjember,netral
geran pangan murah tekan inflasi jelang natal,positif
sektor umkm menunjukan adanya pertumbuhan bisnis yang optimistis di tengah tantangan laju kenaikan inflasi bri melihat peluang,negatif
tergantung inflasi apa engga adad klo tapi pas lagi inflasi sama kayak rb gataunya apa sih,negatif
uu pengurangan inflasi ira rencana perlindungan iklim dan investasi sosial miliar yg diadopsi kongres as,negatif
indeks bisnis umkm bri bisnis umkm tetap tumbuh di tengah kenaikan inflasina thread,positif
bisnis umkm tetap tumbuh di tengah kenaikan inflasi athread,negatif
indeks bisnis umkm bri bisnis umkm tetap tumbuh di tengah kenaikan inflasi athread,negatif
malam ini dingin banget bestie dari pada kedinginan kita membahas bri lagi yuk mari kita bahas mengenai indeks bisa,negatif
tau g sih pren meski ditengah inflasi indeks bisnis umkm bri tetap tumbuhyuk spill lbh lanjut ,positif
biarinyang penting rakyat bany duit semua kebeli pada subur mmurninflasi mah itu tugas pejabat rakyat ngurusin itu,negatif
bukaya bisa malah inflasi,negatif
menegaskan peran bumn terhadap ketahanan pangan merupan bentuk antisipasi untuk menekan harga pangan tingginya potensi inflasi pada tahun depan dapat disebabkan oleh dua sumber yaitu tingginya harga bbm dan melonjnya harga,negatif
bisa cek di sini deh,netral
news thread dateng lagii berita nih bikin senyum ehehe kalian baca ambe hir yaa kinerjabri,netral
sebagai warga indonesia juga harus tau hal ini dongg,netral
bri mempunyai strategy yapp ada lohh sini sim yaa  kalo tau kan jadi ga minder info lt thread ,netral
inflasi gan,negatif
punya deposito di bank bunga tahunkena adminflasicukup join investas kuliner bagi hasil bulanan setara bulan mau join,netral
biar uncle sam merasan sitnya hiper inflasi,negatif
pel kebijakan dove percaya bahwa naiknya inflasi tidak terlalu berpengaruh terhadap kehidupan masyarakat umum sehingga menaikkan suku bunga tidak diperlukan,positif
dalam rangka membantu masyarakat miskin dari d inflasi pemda wajib mengalokasikan dari untuk perlinsos an tetapi per des kab kep meranti baru merealisasikan belanja wajib jauh dari rata secara nasional yang mencapai prihatin,negatif
macam geng jihad perangi inflasi dulu kerajaan benar import ayam dari luar negara,negatif
sianggg readerssnapa benar bisnis umkm tetap tumbuh di tengah kenaikan inflasi yukk sim beritanya,negatif
pemerintah presiden jokowi gas poll dalam pemulihan ekonomii yang an melkan penanganan inflasi fokus seperti penanganan pandemi,positif
hai guys kalian tahu sektor umkm masih menunjukan pertumbuhan bisnis yang optimistis di tengah tantangan laju kenaikan,negatif
geran pangan murah tekan inflasi jelang natalpapuanlivesmatter papua,positif
namun angka itu relatif lebih rendah jika dibandingkan inflasi juni yang mencapai persen inflasi persen itu lebih terjadi karena kenaikan harga tarif listrik dan juga angkutan,negatif
isu resesi fix sih ini bukan karena inflasi tapi karena world cup,negatif
tingkat harga diprediksi mengalami inflasi persen atau lebih tinggi dibandingkan realisasi bulan lalu persen,negatif
 padab indonesia disumbangkan dari sektor umkm dan hal itu yang menjadi perhatian bri untuk menjaga umkm dapat tetap tumbuh menghadapi berbagai tantangan ekonomii termasuk inflasi,positif
soal untuk erdogan pernah gagal atasi inflasi karenaa menurunkan tingkat suku bunganb menaikkan pajnc menurunkan pengeluaran pemerintahnd menjual obligasine pengawasan kredit selektif  materi dasar,negatif
pukul sd wib telah dilsanan kegiatan patroli ppkm level dan monitoring antrian bbm di spbu diwilayah kec sumberlawang anggota koramil sumberlawang dalam rangka pantau inflasi bbm,positif
bri identik dengan masyarakat di pedesaan pengusaha pengusaha kecil masyarakat berbagai lapisan intinya bri itu adalah bank yang paling dekat dengan rakyat,netral
bri sebagai salah satu bumn baru aja diberi apresiasi oleh erick thohir lebih lanjut bisa klik artikel iniyaa,netral
agar dapat tetap tumbuh menghadapi berbagai tantangan ekonomii termasuk inflasi,positif
terakhir yg ketiga kebijakan subsidi bbm yang ditempuh pemerintah memberi positif terhadap tekanan inflasi dan daya beli masyarakat sehingga omzet umkm masih mu meningkat,positif
hai gais malming kemana ni yuk yg lagi free mir dulu bentar  punya info menarik nih yuk cuss,netral
udah baca berita ini belum guys bisnis umkm tetap tumbuh di tengah kenaikan inflasi kalian boleh baca diutas ini atau,netral
bri berkomitmen menjaga umkm dapat tetap tumbuh menghadapi berbagai tantangan ekonomii termasuk inflasi,positif
ketiga kebijakann subsidi bbm yang ditempuh pemerintah pada agustus an berdak positif terhadap tekanan inflasi,positif
dirjen bri mengatan ukm memiliki multiplier effect yang kuat terhadap perekonomiian indonesia oleh karena itu di tengah,netral
informasi lebih lanjut mengenai  dapat diakses melalui laman berikut,netral
bisnis umkm tetap tumbuh di tengah kenaikan inflasi mantap,positif
kalo  denger bank bri langsung terpikir bank yang ada di pedesaan di pasar kredit usaha rakyat gitu gitulah setidaknya begitu yang terlintas di benaku,netral
ayo investasi kripto,netral
manya di tengah gempuran inflasi sekarang bri memperdayan dan membiayai umkm dengan komprehensif caranya yaitu mengalokasikan resources yang dimiliki agar umkm terus berkembang keren,positif
kabar baik sektor umkm masih menunjukan pertumbuhan bisnis yang optimistis,netral
mendengar bank bri langsung terpikir bank yang ada di pedesaan di pasar kredit usaha rakyat begitu yang terlintas di ben ku guys,netral
buat yang belum tau inflasi itu adalah masalah ekonomii di mana harga barang secara keseluruhan menjadi lebih mahal dari sebelumnya,netral
kendati demikian indeks bisnis umkm pada kuartal iii ini mengalami penurunan dibandingkan kuartal sebelumnya dengan skor,netral
hai kita bahas tentang bri lagi yuk sim thread ini ya,netral
tau ga si kalo umkm bri masi berkembang walau inflasi,positif
kedua kegiatan tatap muka baik wfo dan pembelajaran tatap muka yang kian meningkat ketiga kebijakan subsidi bbm yang ditempuh pemerintah pada agustus berd positif,netral
terbaik yb rakyat rindukan yb yang mudah di approach rakyat marhaen diri saya  sewtu dengaya jom siapkan diri untuk menghadapi kegawatan ekonomii tahun depan jadikan simpanan kita kalis inflasi bersama publicgold,netral
indikator tersebut antara lain inflasi yang terjaga pada level persen sementara ratarata inflasi dunia mencapai persen,positif
ketiga kebijakan subsidi bahan bar minyak bbm yang ditempuh pemerintah pada agustus berimplikasi positif,netral
santai dirumah setelah rutinitas kerja seharian sambil ngulik berita  nemu dan baca sebuah artikel yang isinya mantap,netral
kapan nih kalian ikut reksadana mandiri livin ivestasi jangan simpan dibawah bantal donk simpan di reksadana selain aman,netral
minshine ada catatan buat belajar snbt lagi gak pasti ada dong sob tenang aja caper balik lagi buat bantu sobe,netral
inflasi indonesia turun nih,positif
kalau inglen yg menang harga bellingham min naik klo france yg lolos harga mbappe yg bal min ngaco inflasi at it best,netral
white album kualitas menurun bukan turun lagi inimah ganti konsep photobook kualitas menurun jugaya selera orang berbeda,netral
investasi martab aisha legit mulai dari juta bagi hasil ribu bulan bandingkan jika anda nyimpan uang di bank kena adm inflasi dll untung,netral
thread nbany banget transformasi dan strategi dari bri sim nih utas,netral
jokowi kepala daerah pantau pergerkan inflasi dari waktu ke waktu,positif
hasil berdropship di shopee  ntips dalam thread ni mungkin boleh membantu korang berdropship lagi wtu inflasi ni ramai,netral
tolong simpan teori hir zaman utk kaum kamu je t yah psa ke atas kaum lain inflasi wujud sejarah sistem matawang diperkenan di dunia ,netral
lirikan matanya mengedar memperhatikan wajah para wisudawan selanjutnya saya ucapkan selamat kepada para wisudawan atas,netral
harusnya begini nih yg viral kinerja bri terus melejit meski ada inflasi bahkan menyokong umkm biar min tau baca,positif